<application>
  <component name="DimensionService">
    <location key="find.popup.0.0.1920.1080" x="392" y="167" />
    <size key="find.popup.0.0.1920.1080" width="649" height="864" />
  </component>
  <component name="WindowManager">
    <frame x="0" y="32" width="1257" height="1048" extendedState="4" />
  </component>
  <component name="WindowStateApplicationService">
    <state x="743" y="245" width="424" height="495" key="FileChooserDialogImpl" timestamp="1732263941107">
      <screen x="0" y="32" width="1920" height="1048" />
    </state>
    <state x="743" y="245" width="424" height="495" key="FileChooserDialogImpl/0.32.1920.1048" timestamp="1732263941107" />
  </component>
</application>