<code_scheme name="Default" version="173">
  <option name="OTHER_INDENT_OPTIONS">
    <value>
      <option name="USE_TAB_CHARACTER" value="true" />
    </value>
  </option>
  <RiderCodeStyleSettings>
    <option name="/Default/CodeStyle/CodeFormatting/CppClangFormat/EnableClangFormatSupport/@EntryValue" value="false" type="bool" />
    <option name="/Default/CodeStyle/EditorConfig/EnableClangFormatSupport/@EntryValue" value="false" type="bool" />
    <option name="/Default/CodeStyle/CodeFormatting/CppFormatting/ALIGN_MULTILINE_BINARY_EXPRESSIONS_CHAIN/@EntryValue" />
    <option name="/Default/CodeStyle/CodeFormatting/CppFormatting/ALIGN_MULTILINE_CALLS_CHAIN/@EntryValue" value="false" type="bool" />
    <option name="/Default/CodeStyle/CodeFormatting/CppFormatting/ALIGN_MULTILINE_EXPRESSION/@EntryValue" value="false" type="bool" />
    <option name="/Default/CodeStyle/CodeFormatting/CppFormatting/ALIGN_MULTILINE_FOR_STMT/@EntryValue" value="true" type="bool" />
    <option name="/Default/CodeStyle/CodeFormatting/CppFormatting/ALIGN_MULTIPLE_DECLARATION/@EntryValue" value="false" type="bool" />
    <option name="/Default/CodeStyle/CodeFormatting/CppFormatting/ALIGN_TERNARY/@EntryValue" value="ALIGN_ALL" type="string" />
    <option name="/Default/CodeStyle/CodeFormatting/CppFormatting/BLANK_LINES_AROUND_CLASS_DEFINITION/@EntryValue" />
    <option name="/Default/CodeStyle/CodeFormatting/CppFormatting/KEEP_BLANK_LINES_IN_DECLARATIONS/@EntryValue" value="1" type="long" />
    <option name="/Default/CodeStyle/CodeFormatting/CppFormatting/KEEP_BLANK_LINES_IN_CODE/@EntryValue" value="1" type="long" />
    <option name="/Default/CodeStyle/CodeFormatting/CppFormatting/KEEP_USER_LINEBREAKS/@EntryValue" />
    <option name="/Default/CodeStyle/CodeFormatting/CppFormatting/INDENT_CASE_FROM_SWITCH/@EntryValue" value="true" type="bool" />
    <option name="/Default/CodeStyle/CodeFormatting/CppFormatting/INDENT_COMMENT/@EntryValue" />
    <option name="/Default/CodeStyle/CodeFormatting/CppFormatting/INT_ALIGN_EQ/@EntryValue" />
    <option name="/Default/CodeStyle/CodeFormatting/CppFormatting/SIMPLE_BLOCK_STYLE/@EntryValue" value="DO_NOT_CHANGE" type="string" />
    <option name="/Default/CodeStyle/CodeFormatting/CppFormatting/SPACE_AFTER_COMMA_IN_TEMPLATE_ARGS/@EntryValue" />
    <option name="/Default/CodeStyle/CodeFormatting/CppFormatting/SPACE_AFTER_COMMA_IN_TEMPLATE_PARAMS/@EntryValue" />
    <option name="/Default/CodeStyle/CodeFormatting/CppFormatting/SPACE_AFTER_FOR_SEMICOLON/@EntryValue" value="true" type="bool" />
    <option name="/Default/CodeStyle/CodeFormatting/CppFormatting/SPACE_BEFORE_FOR_SEMICOLON/@EntryValue" value="true" type="bool" />
    <option name="/Default/CodeStyle/CodeFormatting/CppFormatting/SPACE_AFTER_UNARY_OPERATOR/@EntryValue" />
    <option name="/Default/CodeStyle/CodeFormatting/CppFormatting/SPACE_WITHIN_ARRAY_ACCESS_BRACKETS/@EntryValue" value="false" type="bool" />
    <option name="/Default/CodeStyle/CodeFormatting/CppFormatting/SPACE_WITHIN_CAST_EXPRESSION_PARENTHESES/@EntryValue" />
    <option name="/Default/CodeStyle/CodeFormatting/CppFormatting/SPACE_WITHIN_EMPTY_INITIALIZER_BRACES/@EntryValue" />
    <option name="/Default/CodeStyle/CodeFormatting/CppFormatting/SPACE_WITHIN_EMPTY_METHOD_PARENTHESES/@EntryValue" value="false" type="bool" />
    <option name="/Default/CodeStyle/CodeFormatting/CppFormatting/SPACE_WITHIN_INITIALIZER_BRACES/@EntryValue" />
    <option name="/Default/CodeStyle/CodeFormatting/CppFormatting/SPECIAL_ELSE_IF_TREATMENT/@EntryValue" value="true" type="bool" />
    <option name="/Default/CodeStyle/CodeFormatting/CppFormatting/SPACE_AFTER_CAST_EXPRESSION_PARENTHESES/@EntryValue" />
    <option name="/Default/CodeStyle/CodeFormatting/CppFormatting/WRAP_AFTER_BINARY_OPSIGN/@EntryValue" value="true" type="bool" />
    <option name="/Default/CodeStyle/CodeFormatting/CppFormatting/WRAP_BEFORE_TERNARY_OPSIGNS/@EntryValue" />
    <option name="/Default/CodeStyle/CodeFormatting/CppFormatting/TYPE_DECLARATION_BRACES/@EntryValue" value="END_OF_LINE" type="string" />
    <option name="/Default/CodeStyle/CodeFormatting/CppFormatting/OTHER_BRACES/@EntryValue" value="END_OF_LINE" type="string" />
    <option name="/Default/CodeStyle/CodeFormatting/CppFormatting/CASE_BLOCK_BRACES/@EntryValue" value="END_OF_LINE" type="string" />
    <option name="/Default/CodeStyle/CodeFormatting/CppFormatting/BLANK_LINES_AROUND_FUNCTION_DECLARATION/@EntryValue" value="1" type="int" />
    <option name="/Default/CodeStyle/CodeFormatting/CppFormatting/BLANK_LINES_AROUND_FUNCTION_DEFINITION/@EntryValue" value="1" type="int" />
    <option name="/Default/CodeStyle/CodeFormatting/CppFormatting/PLACE_WHILE_ON_NEW_LINE/@EntryValue" value="false" type="bool" />
    <option name="/Default/CodeStyle/CodeFormatting/CppFormatting/PLACE_ELSE_ON_NEW_LINE/@EntryValue" value="false" type="bool" />
    <option name="/Default/CodeStyle/CodeFormatting/CppFormatting/PLACE_CATCH_ON_NEW_LINE/@EntryValue" value="false" type="bool" />
    <option name="/Default/CodeStyle/CodeFormatting/CppFormatting/NAMESPACE_INDENTATION/@EntryValue" />
    <option name="/Default/CodeStyle/CodeFormatting/CppFormatting/ALIGN_MULTILINE_ARGUMENT/@EntryValue" value="false" type="bool" />
    <option name="/Default/CodeStyle/CodeFormatting/CppFormatting/ALIGN_MULTILINE_EXTENDS_LIST/@EntryValue" value="false" type="bool" />
    <option name="/Default/CodeStyle/CodeFormatting/CppFormatting/ALIGN_MULTILINE_PARAMETER/@EntryValue" value="false" type="bool" />
    <option name="/Default/CodeStyle/CodeFormatting/CppFormatting/ALIGN_MULTILINE_TYPE_ARGUMENT/@EntryValue" value="false" type="bool" />
    <option name="/Default/CodeStyle/CodeFormatting/CppFormatting/ALIGN_MULTILINE_TYPE_PARAMETER/@EntryValue" value="false" type="bool" />
    <option name="/Default/CodeStyle/CodeFormatting/CppFormatting/BLANK_LINES_AROUND_DECLARATIONS/@EntryValue" value="0" type="int" />
    <option name="/Default/CodeStyle/CodeFormatting/CppFormatting/INDENT_ACCESS_SPECIFIERS_FROM_CLASS/@EntryValue" value="true" type="bool" />
    <option name="/Default/CodeStyle/CodeFormatting/CppFormatting/INDENT_CLASS_MEMBERS_FROM_ACCESS_SPECIFIERS/@EntryValue" value="true" type="bool" />
    <option name="/Default/CodeStyle/CodeFormatting/CppFormatting/LINE_BREAK_AFTER_COLON_IN_MEMBER_INITIALIZER_LISTS/@EntryValue" value="ON_SINGLE_LINE" type="string" />
    <option name="/Default/CodeStyle/CodeFormatting/CppFormatting/MEMBER_INITIALIZER_LIST_STYLE/@EntryValue" />
    <option name="/Default/CodeStyle/CodeFormatting/CppFormatting/PLACE_NAMESPACE_DEFINITIONS_ON_SAME_LINE/@EntryValue" value="false" type="bool" />
    <option name="/Default/CodeStyle/CodeFormatting/CppFormatting/SPACE_AFTER_COLON_IN_BITFIELD_DECLARATOR/@EntryValue" />
    <option name="/Default/CodeStyle/CodeFormatting/CppFormatting/SPACE_BEFORE_COLON_IN_BITFIELD_DECLARATOR/@EntryValue" value="false" type="bool" />
    <option name="/Default/CodeStyle/CodeFormatting/CppFormatting/SPACE_AFTER_EXTENDS_COLON/@EntryValue" />
    <option name="/Default/CodeStyle/CodeFormatting/CppFormatting/SPACE_BEFORE_EXTENDS_COLON/@EntryValue" value="false" type="bool" />
    <option name="/Default/CodeStyle/CodeFormatting/CppFormatting/SPACE_AFTER_FOR_COLON/@EntryValue" />
    <option name="/Default/CodeStyle/CodeFormatting/CppFormatting/SPACE_BEFORE_FOR_COLON/@EntryValue" value="false" type="bool" />
    <option name="/Default/CodeStyle/CodeFormatting/CppFormatting/SPACE_AFTER_PTR_IN_DATA_MEMBER/@EntryValue" value="false" type="bool" />
    <option name="/Default/CodeStyle/CodeFormatting/CppFormatting/SPACE_AFTER_PTR_IN_DATA_MEMBERS/@EntryValue" />
    <option name="/Default/CodeStyle/CodeFormatting/CppFormatting/SPACE_AFTER_PTR_IN_METHOD/@EntryValue" value="false" type="bool" />
    <option name="/Default/CodeStyle/CodeFormatting/CppFormatting/SPACE_AFTER_PTR_IN_NESTED_DECLARATOR/@EntryValue" />
    <option name="/Default/CodeStyle/CodeFormatting/CppFormatting/SPACE_AFTER_REF_IN_DATA_MEMBER/@EntryValue" value="false" type="bool" />
    <option name="/Default/CodeStyle/CodeFormatting/CppFormatting/SPACE_AFTER_REF_IN_DATA_MEMBERS/@EntryValue" value="false" type="bool" />
    <option name="/Default/CodeStyle/CodeFormatting/CppFormatting/SPACE_AFTER_REF_IN_METHOD/@EntryValue" value="false" type="bool" />
    <option name="/Default/CodeStyle/CodeFormatting/CppFormatting/SPACE_BEFORE_PTR_IN_ABSTRACT_DECL/@EntryValue" value="true" type="bool" />
    <option name="/Default/CodeStyle/CodeFormatting/CppFormatting/SPACE_BEFORE_PTR_IN_DATA_MEMBER/@EntryValue" value="true" type="bool" />
    <option name="/Default/CodeStyle/CodeFormatting/CppFormatting/SPACE_BEFORE_PTR_IN_DATA_MEMBERS/@EntryValue" />
    <option name="/Default/CodeStyle/CodeFormatting/CppFormatting/SPACE_BEFORE_PTR_IN_METHOD/@EntryValue" value="true" type="bool" />
    <option name="/Default/CodeStyle/CodeFormatting/CppFormatting/SPACE_BEFORE_REF_IN_ABSTRACT_DECL/@EntryValue" value="true" type="bool" />
    <option name="/Default/CodeStyle/CodeFormatting/CppFormatting/SPACE_BEFORE_REF_IN_DATA_MEMBER/@EntryValue" value="true" type="bool" />
    <option name="/Default/CodeStyle/CodeFormatting/CppFormatting/SPACE_BEFORE_REF_IN_DATA_MEMBERS/@EntryValue" value="true" type="bool" />
    <option name="/Default/CodeStyle/CodeFormatting/CppFormatting/SPACE_BEFORE_REF_IN_METHOD/@EntryValue" value="true" type="bool" />
    <option name="/Default/CodeStyle/CodeFormatting/CppFormatting/SPACE_BEFORE_TEMPLATE_ARGS/@EntryValue" />
    <option name="/Default/CodeStyle/CodeFormatting/CppFormatting/SPACE_BEFORE_TEMPLATE_PARAMS/@EntryValue" value="false" type="bool" />
    <option name="/Default/CodeStyle/CodeFormatting/CppFormatting/SPACE_BETWEEN_CLOSING_ANGLE_BRACKETS_IN_TEMPLATE_ARGS/@EntryValue" value="true" type="bool" />
    <option name="/Default/CodeStyle/CodeFormatting/CppFormatting/SPACE_WITHIN_EMPTY_TEMPLATE_PARAMS/@EntryValue" />
    <option name="/Default/CodeStyle/CodeFormatting/CppFormatting/SPACE_WITHIN_TEMPLATE_ARGS/@EntryValue" value="true" type="bool" />
    <option name="/Default/CodeStyle/CodeFormatting/CppFormatting/SPACE_WITHIN_TEMPLATE_PARAMS/@EntryValue" value="true" type="bool" />
    <option name="/Default/CodeStyle/CodeFormatting/CppFormatting/SPACE_WITHIN_DECLARATION_PARENTHESES/@EntryValue" value="false" type="bool" />
    <option name="/Default/CodeStyle/CodeFormatting/CppFormatting/SPACE_WITHIN_EMPTY_BLOCKS/@EntryValue" />
    <option name="/Default/CodeStyle/CodeFormatting/CppFormatting/WRAP_BEFORE_INVOCATION_LPAR/@EntryValue" />
    <option name="/Default/CodeStyle/CodeFormatting/CppFormatting/WRAP_AFTER_INVOCATION_LPAR/@EntryValue" />
    <option name="/Default/CodeStyle/CodeFormatting/CppFormatting/WRAP_BEFORE_INVOCATION_RPAR/@EntryValue" />
    <option name="/Default/CodeStyle/CodeFormatting/CppFormatting/WRAP_BEFORE_DECLARATION_LPAR/@EntryValue" />
    <option name="/Default/CodeStyle/CodeFormatting/CppFormatting/WRAP_AFTER_DECLARATION_LPAR/@EntryValue" />
    <option name="/Default/CodeStyle/CodeFormatting/CppFormatting/WRAP_BEFORE_DECLARATION_RPAR/@EntryValue" />
    <option name="/Default/CodeStyle/CodeFormatting/CppFormatting/WRAP_ARGUMENTS_STYLE/@EntryValue" value="WRAP_IF_LONG" type="string" />
    <option name="/Default/CodeStyle/CodeFormatting/CppFormatting/WRAP_PARAMETERS_STYLE/@EntryValue" value="WRAP_IF_LONG" type="string" />
    <option name="/Default/CodeStyle/CodeFormatting/CppFormatting/BREAK_TEMPLATE_DECLARATION/@EntryValue" value="LINE_BREAK" type="string" />
    <option name="/Default/CodeStyle/CodeFormatting/CppFormatting/NAMESPACE_DECLARATION_BRACES/@EntryValue" value="END_OF_LINE" type="string" />
    <option name="/Default/CodeStyle/CodeFormatting/CppFormatting/FREE_BLOCK_BRACES/@EntryValue" value="END_OF_LINE" type="string" />
    <option name="/Default/CodeStyle/CodeFormatting/CppFormatting/INVOCABLE_DECLARATION_BRACES/@EntryValue" value="END_OF_LINE" type="string" />
    <option name="/Default/CodeStyle/CodeFormatting/CppFormatting/ANONYMOUS_METHOD_DECLARATION_BRACES/@EntryValue" value="END_OF_LINE" type="string" />
    <option name="/Default/CodeStyle/CodeFormatting/CppFormatting/INITIALIZER_BRACES/@EntryValue" value="END_OF_LINE_NO_SPACE" type="string" />
    <option name="/Default/CodeStyle/CodeFormatting/CppFormatting/INDENT_STYLE/@EntryValue" value="Tab" type="string" />
    <option name="/Default/CodeStyle/CodeFormatting/CppFormatting/INDENT_SIZE/@EntryValue" />
    <option name="/Default/CodeStyle/CodeFormatting/CppFormatting/CONTINUOUS_LINE_INDENT/@EntryValue" />
    <option name="/Default/CodeStyle/CodeFormatting/CppFormatting/TAB_WIDTH/@EntryValue" />
    <option name="/Default/CodeStyle/CodeFormatting/CppFormatting/REMOVE_BLANK_LINES_NEAR_BRACES_IN_DECLARATIONS/@EntryValue" />
    <option name="/Default/CodeStyle/CodeFormatting/CppFormatting/REMOVE_BLANK_LINES_NEAR_BRACES_IN_CODE/@EntryValue" />
    <option name="/Default/CodeStyle/CodeFormatting/CppFormatting/BLANK_LINES_BEFORE_ACCESS_SPECIFIER/@EntryValue" />
    <option name="/Default/CodeStyle/CodeFormatting/CppFormatting/LINE_FEED_AT_FILE_END/@EntryValue" />
    <option name="/Default/CodeStyle/CodeFormatting/CppFormatting/SIMPLE_EMBEDDED_STATEMENT_STYLE/@EntryValue" value="LINE_BREAK" type="string" />
    <option name="/Default/CodeStyle/CodeFormatting/CppFormatting/SIMPLE_CASE_STATEMENT_STYLE/@EntryValue" value="LINE_BREAK" type="string" />
    <option name="/Default/CodeStyle/CodeFormatting/CppFormatting/FUNCTION_DEFINITION_RETURN_TYPE_STYLE/@EntryValue" />
    <option name="/Default/CodeStyle/CodeFormatting/CppFormatting/TOPLEVEL_FUNCTION_DEFINITION_RETURN_TYPE_STYLE/@EntryValue" />
    <option name="/Default/CodeStyle/CodeFormatting/CppFormatting/FUNCTION_DECLARATION_RETURN_TYPE_STYLE/@EntryValue" />
    <option name="/Default/CodeStyle/CodeFormatting/CppFormatting/TOPLEVEL_FUNCTION_DECLARATION_RETURN_TYPE_STYLE/@EntryValue" value="ON_SINGLE_LINE" type="string" />
    <option name="/Default/CodeStyle/CodeFormatting/CppFormatting/LINE_BREAK_AFTER_INIT_STATEMENT/@EntryValue" />
    <option name="/Default/CodeStyle/CodeFormatting/CppFormatting/LINE_BREAK_BEFORE_REQUIRES_CLAUSE/@EntryValue" />
    <option name="/Default/CodeStyle/CodeFormatting/CppFormatting/WRAP_LINES/@EntryValue" />
    <option name="/Default/CodeStyle/CodeFormatting/CppFormatting/WRAP_LIMIT/@EntryValue" value="90" type="long" />
    <option name="/Default/CodeStyle/CodeFormatting/CppFormatting/WRAP_BEFORE_COMMA/@EntryValue" />
    <option name="/Default/CodeStyle/CodeFormatting/CppFormatting/WRAP_BEFORE_COMMA_IN_BASE_CLAUSE/@EntryValue" />
    <option name="/Default/CodeStyle/CodeFormatting/CppFormatting/WRAP_TERNARY_EXPR_STYLE/@EntryValue" value="WRAP_IF_LONG" type="string" />
    <option name="/Default/CodeStyle/CodeFormatting/CppFormatting/WRAP_BRACED_INIT_LIST_STYLE/@EntryValue" />
    <option name="/Default/CodeStyle/CodeFormatting/CppFormatting/WRAP_AFTER_EXPRESSION_LBRACE/@EntryValue" value="false" type="bool" />
    <option name="/Default/CodeStyle/CodeFormatting/CppFormatting/WRAP_BEFORE_EXPRESSION_RBRACE/@EntryValue" value="false" type="bool" />
    <option name="/Default/CodeStyle/CodeFormatting/CppFormatting/KEEP_EXISTING_ENUM_ARRANGEMENT/@EntryValue" />
    <option name="/Default/CodeStyle/CodeFormatting/CppFormatting/PLACE_ENUM_ON_SINGLE_LINE/@EntryValue" />
    <option name="/Default/CodeStyle/CodeFormatting/CppFormatting/WRAP_ENUMERATION_STYLE/@EntryValue" value="CHOP_ALWAYS" type="string" />
    <option name="/Default/CodeStyle/CodeFormatting/CppFormatting/SPACE_AFTER_COMMA_IN_DECLARATION/@EntryValue" />
    <option name="/Default/CodeStyle/CodeFormatting/CppFormatting/SPACE_BEFORE_METHOD_PARENTHESES/@EntryValue" />
    <option name="/Default/CodeStyle/CodeFormatting/CppFormatting/SPACE_BEFORE_COMMA_IN_TEMPLATE_PARAMS/@EntryValue" />
    <option name="/Default/CodeStyle/CodeFormatting/CppFormatting/SPACE_BEFORE_COMMA_IN_TEMPLATE_ARGS/@EntryValue" />
    <option name="/Default/CodeStyle/CodeFormatting/CppFormatting/SPACE_EQ_IN_ALIAS/@EntryValue" />
    <option name="/Default/CodeStyle/CodeFormatting/CppFormatting/SPACE_AROUND_DEREF_IN_TRAILING_RETURN_TYPE/@EntryValue" value="false" type="bool" />
    <option name="/Default/CodeStyle/CodeFormatting/CppFormatting/SPACE_BEFORE_STATEMENT_PARENTHESES/@EntryValue" />
    <option name="/Default/CodeStyle/CodeFormatting/CppFormatting/SPACE_WITHIN_STATEMENT_PARENTHESES/@EntryValue" />
    <option name="/Default/CodeStyle/CodeFormatting/CppFormatting/SPACE_BEFORE_COLON_IN_CASE/@EntryValue" />
    <option name="/Default/CodeStyle/CodeFormatting/CppFormatting/SPACE_AFTER_COLON_IN_CASE/@EntryValue" />
    <option name="/Default/CodeStyle/CodeFormatting/CppFormatting/SPACE_AFTER_OPERATOR_NOT/@EntryValue" />
    <option name="/Default/CodeStyle/CodeFormatting/CppFormatting/SPACE_BEFORE_POSTFIX_OPERATOR/@EntryValue" />
    <option name="/Default/CodeStyle/CodeFormatting/CppFormatting/SPACE_AROUND_DOT/@EntryValue" />
    <option name="/Default/CodeStyle/CodeFormatting/CppFormatting/SPACE_WITHIN_PARENTHESES/@EntryValue" />
    <option name="/Default/CodeStyle/CodeFormatting/CppFormatting/SPACE_BEFORE_EMPTY_METHOD_CALL_PARENTHESES/@EntryValue" />
    <option name="/Default/CodeStyle/CodeFormatting/CppFormatting/SPACE_BEFORE_COMMA_IN_INITIALIZER_BRACES/@EntryValue" />
    <option name="/Default/CodeStyle/CodeFormatting/CppFormatting/SPACE_BEFORE_INITIALIZER_BRACES/@EntryValue" />
    <option name="/Default/CodeStyle/CodeFormatting/CppFormatting/SPACE_BEFORE_ELLIPSIS_IN_PARAMETER_PACK/@EntryValue" />
    <option name="/Default/CodeStyle/CodeFormatting/CppFormatting/SPACE_AFTER_ELLIPSIS_IN_PARAMETER_PACK/@EntryValue" />
    <option name="/Default/CodeStyle/CodeFormatting/CppFormatting/SPACE_BEFORE_TRAILING_COMMENT/@EntryValue" />
    <option name="/Default/CodeStyle/CodeFormatting/CppFormatting/DISABLE_SPACE_CHANGES_BEFORE_TRAILING_COMMENT/@EntryValue" />
    <option name="/Default/CodeStyle/CodeFormatting/CppFormatting/USE_CONTINUOUS_LINE_INDENT_IN_METHOD_PARS/@EntryValue" />
    <option name="/Default/CodeStyle/CodeFormatting/CppFormatting/USE_CONTINUOUS_LINE_INDENT_IN_EXPRESSION_BRACES/@EntryValue" />
    <option name="/Default/CodeStyle/CodeFormatting/CppFormatting/LINKAGE_SPECIFICATION_INDENTATION/@EntryValue" value="All" type="string" />
    <option name="/Default/CodeStyle/CodeFormatting/CppFormatting/INDENT_EXPORT_DECLARATION_MEMBERS/@EntryValue" />
    <option name="/Default/CodeStyle/CodeFormatting/CppFormatting/INDENT_MEMBER_INITIALIZER_LIST/@EntryValue" />
    <option name="/Default/CodeStyle/CodeFormatting/CppFormatting/INDENT_WRAPPED_FUNCTION_NAMES/@EntryValue" value="true" type="bool" />
    <option name="/Default/CodeStyle/CodeFormatting/CppFormatting/INDENT_GOTO_LABELS/@EntryValue" />
    <option name="/Default/CodeStyle/CodeFormatting/CppFormatting/ALIGN_FIRST_ARG_BY_PAREN/@EntryValue" />
    <option name="/Default/CodeStyle/CodeFormatting/CppFormatting/ALIGN_MULTILINE_CTOR_INIT/@EntryValue" value="false" type="bool" />
    <option name="/Default/CodeStyle/CodeFormatting/CppFormatting/INDENT_ALIGNED_TERNARY/@EntryValue" />
    <option name="/Default/CodeStyle/CodeFormatting/CppFormatting/INT_ALIGN_FIX_IN_ADJACENT/@EntryValue" value="false" type="bool" />
    <option name="/Default/CodeStyle/CodeFormatting/CppFormatting/INT_ALIGN_DECLARATION_NAMES/@EntryValue" />
    <option name="/Default/CodeStyle/CodeFormatting/CppFormatting/INT_ALIGN_ENUM_INITIALIZERS/@EntryValue" />
    <option name="/Default/CodeStyle/CodeFormatting/CppFormatting/INT_ALIGN_BITFIELD_SIZES/@EntryValue" />
    <option name="/Default/CodeStyle/CodeFormatting/CppFormatting/INT_ALIGN_COMMENTS/@EntryValue" />
    <option name="/Default/CodeStyle/CodeFormatting/CppFormatting/ALIGNMENT_TAB_FILL_STYLE/@EntryValue" value="USE_TABS_ONLY" type="string" />
    <option name="/Default/CodeStyle/CodeFormatting/CppFormatting/ALLOW_FAR_ALIGNMENT/@EntryValue" value="true" type="bool" />
    <option name="/Default/CodeInspection/CppInitialization/DefaultPointerInitializer/@EntryValue" value="Null" type="string" />
  </RiderCodeStyleSettings>
  <files>
    <extensions>
      <pair source="cpp" header="hpp" fileNamingConvention="PASCAL_CASE" />
      <pair source="c" header="h" fileNamingConvention="NONE" />
      <pair source="cu" header="cuh" fileNamingConvention="NONE" />
      <pair source="ixx" header="" fileNamingConvention="NONE" />
      <pair source="mxx" header="" fileNamingConvention="NONE" />
      <pair source="cppm" header="" fileNamingConvention="NONE" />
      <pair source="ccm" header="" fileNamingConvention="NONE" />
      <pair source="cxxm" header="" fileNamingConvention="NONE" />
      <pair source="c++m" header="" fileNamingConvention="NONE" />
    </extensions>
  </files>
  <codeStyleSettings language="CMake">
    <option name="KEEP_BLANK_LINES_IN_CODE" value="1" />
    <indentOptions>
      <option name="USE_TAB_CHARACTER" value="true" />
    </indentOptions>
  </codeStyleSettings>
  <codeStyleSettings language="EditorConfig">
    <option name="SPACE_BEFORE_COLON" value="true" />
    <option name="SPACE_AFTER_COLON" value="true" />
  </codeStyleSettings>
  <codeStyleSettings language="SQL">
    <indentOptions>
      <option name="USE_TAB_CHARACTER" value="true" />
    </indentOptions>
  </codeStyleSettings>
</code_scheme>